id,name,tier,tierName,line,family,type,attribute,rarity,emoji,hidden
liz,도롱이,0,성장기,liz,생물형,파충류형,grass,common,🦎,false
liz_fire1,불도마,1,성숙기,liz,생물형,파충류형,fire,common,🦎,false
liz_fire2,화염룡,2,완전체,liz,생물형,용형,fire,rare,🐉,false
liz_fire3,염제룡,3,궁극체,liz,신성·악마형,마왕형,fire,epic,🔥,false
liz_aqua1,물도마,1,성숙기,liz,생물형,수생형,water,common,🦎,false
liz_aqua2,해룡,2,완전체,liz,생물형,수생형,water,rare,🌊,false
liz_aqua3,해신룡,3,궁극체,liz,신성·악마형,신인형,water,epic,🐉,false
liz_wind1,바람도마,1,성숙기,liz,생물형,파충류형,wind,common,🦎,false
liz_wind2,비룡,2,완전체,liz,생물형,용형,wind,rare,🐲,false
liz_wind3,풍신룡,3,궁극체,liz,신성·악마형,신인형,wind,epic,🌀,false
liz_chaos3,공룡신,3,궁극체,liz,혼합·이형형,키메라형,neutral,legendary,🦖,false
fl,뽀짝이,0,성장기,fl,생물형,포유류형,grass,common,🐾,false
fl_beast1,늑대솜,1,성숙기,fl,생물형,야수형,grass,common,🐺,false
fl_beast2,사자수,2,완전체,fl,생물형,야수형,grass,rare,🦁,false
fl_beast3,백수왕,3,궁극체,fl,생물형,야수형,grass,epic,👑,false
fl_beast_god,신수 키메라,3,궁극체,fl,혼합·이형형,신수형,neutral,legendary,🦄,false
fl_holy1,날개솜,1,성숙기,fl,신성·악마형,천사형,wind,common,🪽,false
fl_holy2,천사수,2,완전체,fl,신성·악마형,천사형,light,rare,👼,false
fl_holy3,대천사,3,궁극체,fl,신성·악마형,대천사형,light,legendary,😇,false
sd,새싹이,0,성장기,sd,생물형,식물형,water,common,🌱,false
sd_tree1,잎새,1,성숙기,sd,생물형,식물형,water,common,🍃,false
sd_tree2,큰나무,2,완전체,sd,생물형,식물형,water,rare,🌳,false
sd_tree3,수호목,3,궁극체,sd,신성·악마형,성수형,grass,epic,🌲,false
sd_poison1,독꽃,1,성숙기,sd,생물형,식물형,water,common,🌺,false
sd_poison2,맹독초,2,완전체,sd,생물형,식물형,water,rare,☘️,false
sd_poison3,역병군주,3,궁극체,sd,신성·악마형,마왕형,dark,epic,☠️,false
rb,깡통이,0,성장기,rb,기계형,로봇형,earth,rare,🤖,false
rb_mech1,메카봇,1,성숙기,rb,기계형,로봇형,earth,rare,⚙️,false
rb_mech2,거대로봇,2,완전체,rb,기계형,거대로봇형,earth,epic,🦾,false
rb_mech3,강철신,3,궁극체,rb,기계형,순수기계형,earth,legendary,🛡️,false
rb_cyborg1,개조수,1,성숙기,rb,기계형,사이보그형,earth,rare,🦿,false
rb_cyborg2,강철병기,2,완전체,rb,기계형,병기형,earth,epic,💢,false
rb_cyborg3,파괴병기,3,궁극체,rb,기계형,병기형,earth,legendary,🚀,false
gh,도깨비불,0,성장기,gh,신성·악마형,정령형,fire,epic,👻,false
gh_angel1,빛요정,1,성숙기,gh,신성·악마형,천사형,light,epic,✨,false
gh_angel2,수호천사,2,완전체,gh,신성·악마형,천사형,light,epic,👼,false
gh_angel3,창공신,3,궁극체,gh,신성·악마형,신인형,light,legendary,🕊️,false
gh_demon1,꼬마악마,1,성숙기,gh,신성·악마형,악마형,dark,epic,😈,false
gh_demon2,타천사,2,완전체,gh,신성·악마형,타천사형,light,epic,🦇,false
gh_demon3,마왕,3,궁극체,gh,신성·악마형,마왕형,dark,legendary,👹,false
dl,헝겊인형,0,성장기,dl,사물·인공물형,인형형,neutral,rare,🧸,false
dl_puppet1,꼭두각시,1,성숙기,dl,사물·인공물형,인형형,neutral,rare,🎎,false
dl_puppet2,마리오네트,2,완전체,dl,사물·인공물형,인형형,neutral,epic,🪅,false
dl_puppet3,인형술사,3,궁극체,dl,인간형,마법사형,neutral,legendary,🎭,false
dl_knight1,나무병정,1,성숙기,dl,사물·인공물형,인형형,grass,rare,🪖,false
dl_knight2,강철기사,2,완전체,dl,인간형,기사형,earth,epic,⚔️,false
dl_knight3,성기사,3,궁극체,dl,인간형,성기사형,light,legendary,🛡️,false
sl,말랑이,0,성장기,sl,생물형,슬라임형,grass,common,🫧,false
sl_chi1,합체젤리,1,성숙기,sl,혼합·이형형,합성형,neutral,common,🟣,false
sl_chi2,키메라젤,2,완전체,sl,혼합·이형형,키메라형,neutral,rare,🧬,false
sl_chi3,혼돈체,3,궁극체,sl,혼합·이형형,돌연변이형,earth,epic,🌀,false
sl_rb1,무지개젤,1,성숙기,sl,혼합·이형형,이형형,neutral,common,🌈,false
sl_rb2,프리즘,2,완전체,sl,혼합·이형형,이형형,neutral,rare,💠,false
sl_rb3,무지개신,3,궁극체,sl,신성·악마형,신인형,light,legendary,🌈,false
bd,병아리,0,성장기,bd,생물형,조류형,wind,common,🐤,false
bd_fire1,불새끼,1,성숙기,bd,생물형,조류형,fire,common,🔥,false
bd_fire2,화조,2,완전체,bd,생물형,조류형,fire,rare,🦃,false
bd_fire3,봉황,3,궁극체,bd,신성·악마형,신인형,fire,legendary,🔥,false
bd_ice1,서리새,1,성숙기,bd,생물형,조류형,water,common,❄️,false
bd_ice2,빙조,2,완전체,bd,생물형,조류형,water,rare,🕊️,false
bd_ice3,설풍조,3,궁극체,bd,생물형,조류형,water,epic,🦢,false
aq,올챙이,0,성장기,aq,생물형,수생형,water,common,🐸,false
aq_frog1,개구리,1,성숙기,aq,생물형,양서류형,water,common,🐸,false
aq_frog2,왕개구리,2,완전체,aq,생물형,양서류형,water,rare,🐸,false
aq_frog3,우신,3,궁극체,aq,신성·악마형,신인형,water,epic,🌧️,false
aq_fish1,송사리,1,성숙기,aq,생물형,수생형,water,common,🐟,false
aq_fish2,상어,2,완전체,aq,생물형,수생형,water,rare,🦈,false
aq_fish3,심해왕,3,궁극체,aq,생물형,수생형,water,legendary,🐋,false
bg,애벌레,0,성장기,bg,생물형,곤충형,wind,common,🐛,false
bg_fly1,나비번데기,1,성숙기,bg,생물형,곤충형,wind,common,🦋,false
bg_fly2,나비요정,2,완전체,bg,생물형,곤충형,wind,rare,🦋,false
bg_fly3,꽃의여왕,3,궁극체,bg,신성·악마형,천사형,grass,epic,🌸,false
bg_beetle1,뿔벌레,1,성숙기,bg,생물형,곤충형,wind,common,🪲,false
bg_beetle2,장수풍뎅,2,완전체,bg,생물형,곤충형,wind,rare,🐞,false
bg_beetle3,갑충왕,3,궁극체,bg,생물형,곤충형,wind,epic,👑,false
fd,반죽이,0,성장기,fd,사물·인공물형,음식형,neutral,common,🍡,false
fd_sweet1,컵케이크,1,성숙기,fd,사물·인공물형,음식형,neutral,common,🧁,false
fd_sweet2,디저트킹,2,완전체,fd,사물·인공물형,음식형,neutral,rare,🍰,false
fd_sweet3,슈가신,3,궁극체,fd,사물·인공물형,음식형,neutral,epic,🍭,false
fd_spicy1,떡볶이,1,성숙기,fd,사물·인공물형,음식형,fire,common,🌶️,false
fd_spicy2,불맛고수,2,완전체,fd,사물·인공물형,음식형,fire,rare,🔥,false
fd_spicy3,매운맛군주,3,궁극체,fd,사물·인공물형,음식형,fire,epic,👹,false
kn,견습생,0,성장기,kn,인간형,수행자형,neutral,rare,🧒,false
kn_war1,검사,1,성숙기,kn,인간형,전사형,neutral,rare,⚔️,false
kn_war2,기사,2,완전체,kn,인간형,기사형,neutral,epic,🛡️,false
kn_war3,성검사,3,궁극체,kn,인간형,성기사형,light,legendary,🗡️,false
kn_mage1,견습마법사,1,성숙기,kn,인간형,마법사형,neutral,rare,🪄,false
kn_mage2,마법사,2,완전체,kn,인간형,마법사형,neutral,epic,🧙,false
kn_mage3,대현자,3,궁극체,kn,인간형,현자형,neutral,legendary,🔮,false
dr,새끼용,0,성장기,dr,생물형,용형,grass,rare,🐲,false
dr_fire1,화룡,1,성숙기,dr,생물형,용형,fire,rare,🔥,false
dr_fire2,폭염룡,2,완전체,dr,생물형,용형,fire,epic,🐉,false
dr_fire3,종말룡,3,궁극체,dr,신성·악마형,마왕형,fire,legendary,🌋,false
dr_ice1,빙룡,1,성숙기,dr,생물형,용형,water,rare,❄️,false
dr_ice2,서리룡,2,완전체,dr,생물형,용형,water,epic,🐉,false
dr_ice3,빙하룡,3,궁극체,dr,신성·악마형,신인형,water,legendary,🧊,false
un,꼬마미라,0,성장기,un,신성·악마형,언데드형,dark,common,🧟,false
un_zombie1,좀비,1,성숙기,un,신성·악마형,언데드형,dark,common,🧟,false
un_zombie2,구울,2,완전체,un,신성·악마형,언데드형,dark,rare,💀,false
un_zombie3,리치,3,궁극체,un,신성·악마형,마왕형,dark,epic,☠️,false
un_vamp1,박쥐,1,성숙기,un,신성·악마형,악마형,dark,common,🦇,false
un_vamp2,뱀파이어,2,완전체,un,인간형,악마형,dark,rare,🧛,false
un_vamp3,진조,3,궁극체,un,신성·악마형,마왕형,dark,legendary,🩸,false
mt,광석이,0,성장기,mt,사물·인공물형,광물형,water,common,🪨,false
mt_gem1,원석,1,성숙기,mt,사물·인공물형,광물형,water,common,💎,false
mt_gem2,보석수,2,완전체,mt,사물·인공물형,광물형,water,rare,💍,false
mt_gem3,프리즘신,3,궁극체,mt,혼합·이형형,이형형,neutral,epic,🔆,false
mt_golem1,돌골렘,1,성숙기,mt,사물·인공물형,광물형,water,common,🗿,false
mt_golem2,바위거인,2,완전체,mt,생물형,거인형,earth,rare,🏔️,false
mt_golem3,대지신,3,궁극체,mt,신성·악마형,신인형,earth,legendary,🌍,false
st,별똥별,0,성장기,st,신성·악마형,천체형,light,epic,💫,false
st_star1,작은별,1,성숙기,st,신성·악마형,천체형,light,epic,⭐,false
st_star2,혜성,2,완전체,st,신성·악마형,천체형,light,epic,☄️,false
st_star3,성좌신,3,궁극체,st,신성·악마형,신인형,light,legendary,🌟,false
st_dark1,그믐,1,성숙기,st,신성·악마형,천체형,dark,epic,🌑,false
st_dark2,블랙홀,2,완전체,st,혼합·이형형,이형형,dark,epic,🕳️,false
st_dark3,공허신,3,궁극체,st,혼합·이형형,돌연변이형,earth,legendary,🌌,false
dog,멍멍이,0,성장기,dog,생물형,포유류형,grass,common,🐶,false
dog_w1,진돗개,1,성숙기,dog,생물형,야수형,grass,common,🐕,false
dog_w2,사냥개,2,완전체,dog,생물형,야수형,grass,rare,🐕‍🦺,false
dog_w3,늑대왕,3,궁극체,dog,생물형,야수형,grass,epic,🐺,false
dog_f1,불개,1,성숙기,dog,생물형,야수형,fire,common,🔥,false
dog_f2,화염견,2,완전체,dog,생물형,야수형,fire,rare,🐕,false
dog_f3,천견신,3,궁극체,dog,신성·악마형,신인형,light,legendary,🐕,false
cat,아깽이,0,성장기,cat,생물형,포유류형,grass,common,🐱,false
cat_t1,줄무늬냥,1,성숙기,cat,생물형,야수형,grass,common,🐈,false
cat_t2,호랑이냥,2,완전체,cat,생물형,야수형,grass,rare,🐯,false
cat_t3,백수묘제,3,궁극체,cat,생물형,야수형,grass,epic,👑,false
cat_n1,검은냥,1,성숙기,cat,생물형,야수형,grass,common,🐈‍⬛,false
cat_n2,그림자냥,2,완전체,cat,신성·악마형,악마형,dark,rare,🐈‍⬛,false
cat_n3,마녀냥,3,궁극체,cat,신성·악마형,마왕형,dark,legendary,🧙,false
rab,토끼풀,0,성장기,rab,생물형,포유류형,grass,common,🐰,false
rab_m1,달토끼,1,성숙기,rab,생물형,포유류형,grass,common,🐇,false
rab_m2,옥토끼,2,완전체,rab,신성·악마형,천체형,dark,rare,🌙,false
rab_m3,월광토신,3,궁극체,rab,신성·악마형,신인형,light,legendary,🌝,false
rab_h1,뿔토끼,1,성숙기,rab,생물형,포유류형,grass,common,🐇,false
rab_h2,가시토끼,2,완전체,rab,생물형,야수형,grass,rare,🐇,false
rab_h3,뿔왕토,3,궁극체,rab,생물형,야수형,grass,epic,👑,false
bear,아기곰,0,성장기,bear,생물형,포유류형,grass,common,🐻,false
bear_p1,반달곰,1,성숙기,bear,생물형,야수형,grass,common,🐻,false
bear_p2,큰곰,2,완전체,bear,생물형,야수형,grass,rare,🐻,false
bear_p3,산신곰,3,궁극체,bear,신성·악마형,신인형,light,legendary,🐻,false
bear_i1,얼음곰,1,성숙기,bear,생물형,야수형,water,common,❄️,false
bear_i2,빙하곰,2,완전체,bear,생물형,야수형,water,rare,🧊,false
bear_i3,설산신곰,3,궁극체,bear,신성·악마형,신인형,light,epic,⛄,false
fox,새끼여우,0,성장기,fox,생물형,포유류형,grass,rare,🦊,false
fox_f1,불여우,1,성숙기,fox,생물형,야수형,fire,rare,🔥,false
fox_f2,화염호,2,완전체,fox,생물형,야수형,fire,epic,🦊,false
fox_f3,천호신,3,궁극체,fox,신성·악마형,신인형,light,legendary,🦊,false
fox_n1,그림자여우,1,성숙기,fox,신성·악마형,악마형,dark,rare,🦊,false
fox_n2,요호,2,완전체,fox,신성·악마형,악마형,dark,epic,🦊,false
fox_n3,구미호,3,궁극체,fox,신성·악마형,마왕형,dark,legendary,🦊,false
pen,아기펭귄,0,성장기,pen,생물형,조류형,wind,common,🐧,false
pen_e1,황제펭귄,1,성숙기,pen,생물형,조류형,wind,common,🐧,false
pen_e2,빙판펭귄,2,완전체,pen,생물형,조류형,water,rare,❄️,false
pen_e3,빙제펭귄,3,궁극체,pen,생물형,수생형,water,epic,🧊,false
pen_s1,바다펭귄,1,성숙기,pen,생물형,수생형,water,common,🌊,false
pen_s2,잠수펭귄,2,완전체,pen,생물형,수생형,grass,rare,🐧,false
pen_s3,심해펭귄,3,궁극체,pen,생물형,수생형,water,legendary,🐋,false
tur,꼬마거북,0,성장기,tur,생물형,수생형,water,common,🐢,false
tur_s1,바다거북,1,성숙기,tur,생물형,수생형,water,common,🐢,false
tur_s2,대왕거북,2,완전체,tur,생물형,수생형,water,rare,🐢,false
tur_s3,해신귀,3,궁극체,tur,신성·악마형,신인형,water,epic,🐢,false
tur_l1,돌거북,1,성숙기,tur,사물·인공물형,광물형,water,common,🪨,false
tur_l2,바위귀,2,완전체,tur,생물형,거인형,earth,rare,🗿,false
tur_l3,만년귀신,3,궁극체,tur,신성·악마형,신인형,light,legendary,🐢,false
deer,아기사슴,0,성장기,deer,생물형,포유류형,grass,common,🦌,false
deer_w1,숲사슴,1,성숙기,deer,생물형,포유류형,grass,common,🌿,false
deer_w2,정령사슴,2,완전체,deer,생물형,식물형,water,rare,🦌,false
deer_w3,숲의정령록,3,궁극체,deer,신성·악마형,성수형,grass,legendary,🌳,false
deer_s1,순록,1,성숙기,deer,생물형,포유류형,grass,common,🦌,false
deer_s2,설원록,2,완전체,deer,생물형,야수형,grass,rare,❄️,false
deer_s3,오로라록,3,궁극체,deer,신성·악마형,신인형,light,epic,🦌,false
cap,카피바라,0,성장기,cap,생물형,포유류형,grass,common,🦫,false
cap_w1,온천바라,1,성숙기,cap,생물형,수생형,water,common,♨️,false
cap_w2,호수바라,2,완전체,cap,생물형,수생형,water,rare,🦫,false
cap_w3,호수신,3,궁극체,cap,신성·악마형,신인형,water,epic,🌊,false
cap_g1,들바라,1,성숙기,cap,생물형,포유류형,grass,common,🦫,false
cap_g2,초원바라,2,완전체,cap,생물형,식물형,water,rare,🌿,false
cap_g3,초원수호신,3,궁극체,cap,신성·악마형,성수형,grass,legendary,🌳,false
quo,쿼카,0,성장기,quo,생물형,포유류형,grass,common,🐹,false
quo_l1,햇살쿼카,1,성숙기,quo,생물형,포유류형,light,common,☀️,false
quo_l2,미소요정,2,완전체,quo,신성·악마형,천사형,light,rare,😊,false
quo_l3,햇살정령신,3,궁극체,quo,신성·악마형,신인형,light,legendary,🌟,false
quo_g1,깡총쿼카,1,성숙기,quo,생물형,포유류형,grass,common,🐹,false
quo_g2,초원쿼카,2,완전체,quo,생물형,식물형,water,rare,🌿,false
quo_g3,풀숲요정,3,궁극체,quo,생물형,식물형,water,epic,🍀,false
red,레서판다,0,성장기,red,생물형,포유류형,grass,rare,🐼,false
red_f1,불꽃판다,1,성숙기,red,생물형,야수형,fire,rare,🔥,false
red_f2,화염판다,2,완전체,red,생물형,야수형,fire,epic,🐼,false
red_f3,화염판다신,3,궁극체,red,신성·악마형,신인형,fire,legendary,🔥,false
red_t1,단풍판다,1,성숙기,red,생물형,포유류형,wind,rare,🍁,false
red_t2,숲판다,2,완전체,red,생물형,식물형,water,epic,🌿,false
red_t3,숲의수호판다,3,궁극체,red,생물형,식물형,water,legendary,🌳,false
ott,수달,0,성장기,ott,생물형,수생형,water,common,🦦,false
ott_r1,강수달,1,성숙기,ott,생물형,수생형,water,common,🦦,false
ott_r2,급류수달,2,완전체,ott,생물형,수생형,water,rare,🌊,false
ott_r3,강의수신,3,궁극체,ott,신성·악마형,신인형,light,epic,🌊,false
ott_s1,해달,1,성숙기,ott,생물형,수생형,grass,common,🦦,false
ott_s2,산호해달,2,완전체,ott,생물형,수생형,water,rare,🪸,false
ott_s3,심해수호달,3,궁극체,ott,생물형,수생형,water,legendary,🐋,false
hog,고슴도치,0,성장기,hog,생물형,포유류형,grass,common,🦔,false
hog_m1,철갑도치,1,성숙기,hog,생물형,포유류형,earth,common,🦔,false
hog_m2,강철가시,2,완전체,hog,기계형,병기형,earth,rare,⚙️,false
hog_m3,철갑요새신,3,궁극체,hog,기계형,순수기계형,earth,epic,🛡️,false
hog_f1,불가시도치,1,성숙기,hog,생물형,야수형,fire,common,🔥,false
hog_f2,화염가시,2,완전체,hog,생물형,야수형,fire,rare,🦔,false
hog_f3,화염가시신,3,궁극체,hog,신성·악마형,신인형,fire,legendary,🔥,false
cha,카멜레온,0,성장기,cha,생물형,파충류형,grass,rare,🦎,false
cha_r1,무지개멜레온,1,성숙기,cha,혼합·이형형,이형형,neutral,rare,🌈,false
cha_r2,프리즘멜레온,2,완전체,cha,혼합·이형형,이형형,neutral,epic,💠,false
cha_r3,빛깔변환신,3,궁극체,cha,혼합·이형형,이형형,light,legendary,🌈,false
cha_d1,그림자멜레온,1,성숙기,cha,신성·악마형,악마형,dark,rare,🦎,false
cha_d2,암영멜레온,2,완전체,cha,신성·악마형,악마형,dark,epic,🌑,false
cha_d3,은신술사신,3,궁극체,cha,신성·악마형,마왕형,dark,legendary,👤,false
axo,아홀로틀,0,성장기,axo,생물형,양서류형,water,rare,🦎,false
axo_p1,분홍아홀로,1,성숙기,axo,생물형,양서류형,water,rare,🩷,false
axo_p2,산호아홀로,2,완전체,axo,생물형,수생형,water,epic,🪸,false
axo_p3,심해정령신,3,궁극체,axo,신성·악마형,신인형,water,legendary,🌊,false
axo_g1,황금아홀로,1,성숙기,axo,생물형,양서류형,water,rare,✨,false
axo_g2,빛나는아홀로,2,완전체,axo,신성·악마형,천사형,water,epic,🦎,false
axo_g3,재생의신,3,궁극체,axo,신성·악마형,신인형,light,legendary,🌟,false
shm,해마,0,성장기,shm,생물형,수생형,water,common,🌊,false
shm_c1,산호해마,1,성숙기,shm,생물형,수생형,water,common,🪸,false
shm_c2,진주해마,2,완전체,shm,생물형,수생형,water,rare,🌊,false
shm_c3,바다요정신,3,궁극체,shm,신성·악마형,신인형,water,epic,🧜,false
shm_d1,용해마,1,성숙기,shm,생물형,수생형,water,common,🐉,false
shm_d2,해룡마,2,완전체,shm,생물형,용형,water,rare,🐉,false
shm_d3,해마룡신,3,궁극체,shm,신성·악마형,신인형,water,legendary,🌊,false
man,쥐가오리,0,성장기,man,생물형,수생형,water,rare,🐟,false
man_m1,만타가오리,1,성숙기,man,생물형,수생형,water,rare,🌊,false
man_m2,심해만타,2,완전체,man,생물형,수생형,water,epic,🐋,false
man_m3,해류의신,3,궁극체,man,신성·악마형,신인형,light,legendary,🌊,false
man_d1,독가오리,1,성숙기,man,생물형,수생형,water,rare,🦈,false
man_d2,맹독가오리,2,완전체,man,신성·악마형,악마형,water,epic,☠️,false
man_d3,심연독왕,3,궁극체,man,신성·악마형,마왕형,dark,legendary,🌑,false
mts,아기사마귀,0,성장기,mts,생물형,곤충형,wind,common,🦗,false
mts_b1,낫사마귀,1,성숙기,mts,생물형,곤충형,wind,common,🦗,false
mts_b2,칼날사마귀,2,완전체,mts,생물형,곤충형,wind,rare,⚔️,false
mts_b3,사마귀검신,3,궁극체,mts,인간형,전사형,neutral,legendary,🗡️,false
mts_g1,풀사마귀,1,성숙기,mts,생물형,곤충형,grass,common,🌿,false
mts_g2,꽃사마귀,2,완전체,mts,생물형,곤충형,grass,rare,🌸,false
mts_g3,숲의사냥꾼,3,궁극체,mts,생물형,곤충형,grass,epic,🍃,false
stb,사슴벌레,0,성장기,stb,생물형,곤충형,wind,common,🪲,false
stb_m1,왕사슴벌레,1,성숙기,stb,생물형,곤충형,wind,common,🪲,false
stb_m2,강철집게,2,완전체,stb,기계형,병기형,earth,rare,⚙️,false
stb_m3,강철투왕,3,궁극체,stb,기계형,순수기계형,earth,epic,🛡️,false
stb_g1,숲사슴벌레,1,성숙기,stb,생물형,곤충형,grass,common,🌿,false
stb_g2,거목집게,2,완전체,stb,생물형,곤충형,wind,rare,🌳,false
stb_g3,숲의투신,3,궁극체,stb,생물형,곤충형,grass,legendary,👑,false
pea,공작,0,성장기,pea,생물형,조류형,wind,rare,🦚,false
pea_r1,무지개공작,1,성숙기,pea,생물형,조류형,wind,rare,🌈,false
pea_r2,프리즘공작,2,완전체,pea,혼합·이형형,이형형,neutral,epic,💠,false
pea_r3,오색공작신,3,궁극체,pea,혼합·이형형,이형형,neutral,legendary,🦚,false
pea_l1,햇살공작,1,성숙기,pea,생물형,조류형,wind,rare,☀️,false
pea_l2,광휘공작,2,완전체,pea,신성·악마형,천사형,light,epic,🦚,false
pea_l3,태양공작신,3,궁극체,pea,신성·악마형,신인형,light,legendary,🌞,false
owl,아기올빼미,0,성장기,owl,생물형,조류형,wind,common,🦉,false
owl_w1,현자올빼미,1,성숙기,owl,생물형,조류형,wind,common,🦉,false
owl_w2,지혜부엉이,2,완전체,owl,신성·악마형,천사형,light,rare,🦉,false
owl_w3,지혜의현자신,3,궁극체,owl,신성·악마형,신인형,light,legendary,🔮,false
owl_n1,밤올빼미,1,성숙기,owl,신성·악마형,악마형,dark,common,🌑,false
owl_n2,어둠부엉이,2,완전체,owl,신성·악마형,악마형,dark,rare,🦉,false
owl_n3,야행의마왕,3,궁극체,owl,신성·악마형,마왕형,dark,epic,👁️,false
mee,미어캣,0,성장기,mee,생물형,포유류형,grass,common,🦫,false
mee_s1,사막미어캣,1,성숙기,mee,생물형,포유류형,earth,common,🏜️,false
mee_s2,사막보초대장,2,완전체,mee,생물형,야수형,earth,rare,🦫,false
mee_s3,사막의수호신,3,궁극체,mee,신성·악마형,신인형,earth,epic,🏜️,false
mee_l1,햇살미어캣,1,성숙기,mee,생물형,포유류형,light,common,☀️,false
mee_l2,태양보초,2,완전체,mee,신성·악마형,천사형,light,rare,🦫,false
mee_l3,태양수호신,3,궁극체,mee,신성·악마형,신인형,light,legendary,🌞,false
pang,천산갑,0,성장기,pang,생물형,포유류형,grass,rare,🦔,false
pang_m1,철갑천산,1,성숙기,pang,생물형,포유류형,earth,rare,🦔,false
pang_m2,강철비늘갑,2,완전체,pang,기계형,거대로봇형,earth,epic,🦾,false
pang_m3,철갑요새신,3,궁극체,pang,기계형,순수기계형,earth,legendary,🛡️,false
pang_d1,어둠비늘,1,성숙기,pang,신성·악마형,악마형,earth,rare,🌑,false
pang_d2,암흑갑주,2,완전체,pang,신성·악마형,악마형,dark,epic,🦇,false
pang_d3,암흑수호룡,3,궁극체,pang,신성·악마형,마왕형,dark,legendary,🐉,false
ele,아기코끼리,0,성장기,ele,생물형,포유류형,grass,rare,🐘,false
ele_w1,분수코끼리,1,성숙기,ele,생물형,포유류형,water,rare,💦,false
ele_w2,물의거상,2,완전체,ele,생물형,거인형,water,epic,🐘,false
ele_w3,수신상,3,궁극체,ele,신성·악마형,신인형,light,legendary,🌊,false
ele_e1,바위코끼리,1,성숙기,ele,생물형,포유류형,earth,rare,🐘,false
ele_e2,대지거상,2,완전체,ele,생물형,거인형,earth,epic,🏔️,false
ele_e3,대지상왕,3,궁극체,ele,신성·악마형,신인형,earth,legendary,🌍,false
gir,아기기린,0,성장기,gir,생물형,포유류형,grass,common,🦒,false
gir_l1,햇살기린,1,성숙기,gir,생물형,포유류형,light,common,☀️,false
gir_l2,초원기린,2,완전체,gir,생물형,식물형,water,rare,🦒,false
gir_l3,초원의수호기린,3,궁극체,gir,신성·악마형,성수형,grass,epic,🌿,false
gir_t1,숲기린,1,성숙기,gir,생물형,식물형,water,common,🌿,false
gir_t2,거목기린,2,완전체,gir,생물형,식물형,water,rare,🌳,false
gir_t3,세계수기린,3,궁극체,gir,신성·악마형,성수형,light,legendary,🌳,false
rhi,아기코뿔소,0,성장기,rhi,생물형,포유류형,grass,common,🦏,false
rhi_m1,강철코뿔,1,성숙기,rhi,생물형,야수형,earth,common,🦏,false
rhi_m2,중장갑코뿔,2,완전체,rhi,기계형,병기형,earth,rare,🦾,false
rhi_m3,강철돌격왕,3,궁극체,rhi,기계형,순수기계형,earth,legendary,🛡️,false
rhi_f1,화염코뿔,1,성숙기,rhi,생물형,야수형,fire,common,🔥,false
rhi_f2,용암코뿔,2,완전체,rhi,생물형,야수형,fire,rare,🦏,false
rhi_f3,화염돌진신,3,궁극체,rhi,신성·악마형,신인형,fire,epic,🌋,false
hip,아기하마,0,성장기,hip,생물형,포유류형,grass,common,🦛,false
hip_w1,물하마,1,성숙기,hip,생물형,수생형,water,common,🦛,false
hip_w2,호수하마,2,완전체,hip,생물형,수생형,water,rare,🌊,false
hip_w3,수신하마,3,궁극체,hip,신성·악마형,신인형,light,epic,🌊,false
hip_d1,어둠하마,1,성숙기,hip,신성·악마형,악마형,dark,common,🌑,false
hip_d2,심연하마,2,완전체,hip,신성·악마형,악마형,dark,rare,🦛,false
hip_d3,늪의마수,3,궁극체,hip,신성·악마형,마왕형,water,legendary,👹,false
cam,아기낙타,0,성장기,cam,생물형,포유류형,grass,common,🐫,false
cam_s1,사막낙타,1,성숙기,cam,생물형,포유류형,earth,common,🏜️,false
cam_s2,모래폭풍낙타,2,완전체,cam,생물형,야수형,wind,rare,🐫,false
cam_s3,사막의대상왕,3,궁극체,cam,신성·악마형,신인형,earth,epic,🏜️,false
cam_l1,햇살낙타,1,성숙기,cam,생물형,포유류형,light,common,☀️,false
cam_l2,오아시스낙타,2,완전체,cam,생물형,포유류형,grass,rare,🐫,false
cam_l3,태양대상신,3,궁극체,cam,신성·악마형,신인형,light,legendary,🌞,false
kan,아기캥거루,0,성장기,kan,생물형,포유류형,grass,common,🦘,false
kan_f1,불꽃권투루,1,성숙기,kan,생물형,야수형,fire,common,🔥,false
kan_f2,화염복서,2,완전체,kan,인간형,전사형,fire,rare,🥊,false
kan_f3,불꽃투신,3,궁극체,kan,인간형,전사형,fire,legendary,🥊,false
kan_g1,초원캥거루,1,성숙기,kan,생물형,포유류형,grass,common,🌿,false
kan_g2,들판질주루,2,완전체,kan,생물형,야수형,grass,rare,🦘,false
kan_g3,초원질주신,3,궁극체,kan,생물형,야수형,grass,epic,🍃,false
gor,아기고릴라,0,성장기,gor,생물형,포유류형,grass,rare,🦍,false
gor_m1,강철고릴라,1,성숙기,gor,생물형,야수형,earth,rare,🦍,false
gor_m2,중장갑고릴라,2,완전체,gor,기계형,거대로봇형,earth,epic,🦾,false
gor_m3,강철패왕,3,궁극체,gor,기계형,순수기계형,earth,legendary,🛡️,false
gor_l1,빛의고릴라,1,성숙기,gor,생물형,야수형,light,rare,✨,false
gor_l2,수호고릴라,2,완전체,gor,신성·악마형,천사형,light,epic,🦍,false
gor_l3,정글수호신,3,궁극체,gor,신성·악마형,신인형,light,legendary,🌟,false
mon,아기원숭이,0,성장기,mon,생물형,포유류형,grass,common,🐒,false
mon_f1,불원숭이,1,성숙기,mon,생물형,야수형,fire,common,🔥,false
mon_f2,화염원후,2,완전체,mon,생물형,야수형,fire,rare,🐒,false
mon_f3,화염제천대성,3,궁극체,mon,신성·악마형,신인형,fire,legendary,🔥,false
mon_w1,바람원숭이,1,성숙기,mon,생물형,야수형,wind,common,🌪️,false
mon_w2,질풍원후,2,완전체,mon,생물형,야수형,wind,rare,🐒,false
mon_w3,질풍제천대성,3,궁극체,mon,신성·악마형,신인형,wind,epic,🌀,false
slo,나무늘보,0,성장기,slo,생물형,포유류형,grass,common,🦥,false
slo_t1,숲늘보,1,성숙기,slo,생물형,식물형,water,common,🌿,false
slo_t2,이끼늘보,2,완전체,slo,생물형,식물형,water,rare,🦥,false
slo_t3,고목정령늘보,3,궁극체,slo,신성·악마형,성수형,light,legendary,🌳,false
slo_d1,잠보늘보,1,성숙기,slo,생물형,포유류형,grass,common,😴,false
slo_d2,꿈속늘보,2,완전체,slo,신성·악마형,악마형,dark,rare,🦥,false
slo_d3,몽환의어둠늘보,3,궁극체,slo,신성·악마형,마왕형,dark,epic,🌑,false
dol,아기돌고래,0,성장기,dol,생물형,수생형,water,common,🐬,false
dol_w1,푸른돌고래,1,성숙기,dol,생물형,수생형,water,common,🐬,false
dol_w2,파도돌고래,2,완전체,dol,생물형,수생형,water,rare,🌊,false
dol_w3,바다의수호신,3,궁극체,dol,신성·악마형,신인형,water,legendary,🌊,false
dol_l1,빛돌고래,1,성숙기,dol,생물형,수생형,water,common,✨,false
dol_l2,오로라돌고래,2,완전체,dol,혼합·이형형,이형형,water,rare,🐬,false
dol_l3,빛의인도자,3,궁극체,dol,신성·악마형,신인형,light,epic,🌟,false
oct,꼬마문어,0,성장기,oct,생물형,수생형,water,common,🐙,false
oct_w1,대왕문어,1,성숙기,oct,생물형,수생형,water,common,🐙,false
oct_w2,심해문어,2,완전체,oct,생물형,수생형,water,rare,🐙,false
oct_w3,크라켄,3,궁극체,oct,신성·악마형,신인형,light,legendary,🐙,false
oct_d1,먹물문어,1,성숙기,oct,생물형,수생형,water,common,🌑,false
oct_d2,암흑문어,2,완전체,oct,신성·악마형,악마형,water,rare,🐙,false
oct_d3,심연군주문어,3,궁극체,oct,신성·악마형,마왕형,water,epic,👹,false
cro,아기악어,0,성장기,cro,생물형,파충류형,grass,common,🐊,false
cro_w1,늪악어,1,성숙기,cro,생물형,수생형,water,common,🐊,false
cro_w2,대늪악어,2,완전체,cro,생물형,수생형,water,rare,🐊,false
cro_w3,늪의지배자,3,궁극체,cro,신성·악마형,마왕형,water,legendary,🐊,false
cro_f1,화염악어,1,성숙기,cro,생물형,파충류형,fire,common,🔥,false
cro_f2,용암악어,2,완전체,cro,생물형,용형,fire,rare,🐊,false
cro_f3,화염악어룡,3,궁극체,cro,신성·악마형,마왕형,fire,epic,🌋,false
snk,아기뱀,0,성장기,snk,생물형,파충류형,grass,common,🐍,false
snk_p1,독사,1,성숙기,snk,생물형,파충류형,dark,common,🐍,false
snk_p2,코브라,2,완전체,snk,생물형,파충류형,grass,rare,🐍,false
snk_p3,맹독사신,3,궁극체,snk,신성·악마형,마왕형,dark,legendary,☠️,false
snk_f1,불뱀,1,성숙기,snk,생물형,파충류형,fire,common,🔥,false
snk_f2,화염대사,2,완전체,snk,생물형,용형,fire,rare,🐍,false
snk_f3,화염사룡,3,궁극체,snk,신성·악마형,신인형,fire,epic,🐉,false
eag,아기독수리,0,성장기,eag,생물형,조류형,wind,rare,🦅,false
eag_w1,폭풍독수리,1,성숙기,eag,생물형,조류형,wind,rare,🌪️,false
eag_w2,천둥수리,2,완전체,eag,생물형,조류형,wind,epic,⚡,false
eag_w3,폭풍신조,3,궁극체,eag,신성·악마형,신인형,wind,legendary,🌀,false
eag_l1,빛독수리,1,성숙기,eag,생물형,조류형,wind,rare,✨,false
eag_l2,성조,2,완전체,eag,신성·악마형,천사형,light,epic,🦅,false
eag_l3,천공의성조신,3,궁극체,eag,신성·악마형,신인형,light,legendary,🌟,false
fla,아기플라밍고,0,성장기,fla,생물형,조류형,wind,common,🦩,false
fla_l1,햇살플라밍고,1,성숙기,fla,생물형,조류형,wind,common,☀️,false
fla_l2,노을홍학,2,완전체,fla,신성·악마형,천사형,light,rare,🦩,false
fla_l3,여명의홍학신,3,궁극체,fla,신성·악마형,신인형,light,legendary,🌅,false
fla_w1,호수플라밍고,1,성숙기,fla,생물형,수생형,water,common,🌊,false
fla_w2,물결홍학,2,완전체,fla,생물형,수생형,water,rare,🦩,false
fla_w3,호수의무희신,3,궁극체,fla,신성·악마형,신인형,water,epic,🌊,false
ost,아기타조,0,성장기,ost,생물형,조류형,wind,common,🦃,false
ost_s1,사막타조,1,성숙기,ost,생물형,조류형,wind,common,🏜️,false
ost_s2,모래질주타조,2,완전체,ost,생물형,야수형,grass,rare,🦃,false
ost_s3,사막주행신,3,궁극체,ost,신성·악마형,신인형,earth,epic,🏜️,false
ost_w1,질풍타조,1,성숙기,ost,생물형,조류형,wind,common,🌪️,false
ost_w2,음속타조,2,완전체,ost,생물형,야수형,grass,rare,🦃,false
ost_w3,질풍주자신,3,궁극체,ost,신성·악마형,신인형,wind,legendary,🌀,false
bee,아기꿀벌,0,성장기,bee,생물형,곤충형,wind,common,🐝,false
bee_g1,꽃벌,1,성숙기,bee,생물형,곤충형,grass,common,🌸,false
bee_g2,여왕벌,2,완전체,bee,생물형,곤충형,wind,rare,🐝,false
bee_g3,꽃의여왕벌신,3,궁극체,bee,신성·악마형,천사형,grass,legendary,👑,false
bee_d1,독침벌,1,성숙기,bee,생물형,곤충형,wind,common,⚡,false
bee_d2,맹독말벌,2,완전체,bee,생물형,곤충형,wind,rare,🐝,false
bee_d3,독침군단장,3,궁극체,bee,신성·악마형,마왕형,dark,epic,☠️,false
sco,아기전갈,0,성장기,sco,생물형,곤충형,wind,common,🦂,false
sco_p1,독전갈,1,성숙기,sco,생물형,곤충형,wind,common,🦂,false
sco_p2,맹독전갈,2,완전체,sco,신성·악마형,악마형,dark,rare,☠️,false
sco_p3,사독의군주,3,궁극체,sco,신성·악마형,마왕형,dark,legendary,🦂,false
sco_m1,강철전갈,1,성숙기,sco,생물형,곤충형,wind,common,⚙️,false
sco_m2,강철집게전갈,2,완전체,sco,기계형,병기형,earth,rare,🦂,false
sco_m3,강철사막병기,3,궁극체,sco,기계형,순수기계형,earth,epic,🛡️,false
plt,오리너구리,0,성장기,plt,생물형,포유류형,grass,rare,🦫,false
plt_w1,물너구리,1,성숙기,plt,생물형,수생형,water,rare,🦫,false
plt_w2,강물너구리,2,완전체,plt,생물형,수생형,water,epic,🌊,false
plt_w3,물의요정신,3,궁극체,plt,신성·악마형,신인형,water,legendary,🌊,false
plt_e1,전기너구리,1,성숙기,plt,생물형,포유류형,wind,rare,⚡,false
plt_e2,번개너구리,2,완전체,plt,생물형,야수형,wind,epic,⚡,false
plt_e3,뇌전요정신,3,궁극체,plt,신성·악마형,신인형,light,legendary,⚡,false
arm,아르마딜로,0,성장기,arm,생물형,포유류형,grass,common,🦔,false
arm_m1,철갑딜로,1,성숙기,arm,생물형,포유류형,earth,common,🦔,false
arm_m2,강철공벌레,2,완전체,arm,기계형,병기형,wind,rare,⚙️,false
arm_m3,철벽요새신,3,궁극체,arm,기계형,순수기계형,earth,epic,🛡️,false
arm_d1,어둠딜로,1,성숙기,arm,신성·악마형,악마형,dark,common,🌑,false
arm_d2,암흑갑각,2,완전체,arm,신성·악마형,악마형,dark,rare,🦔,false
arm_d3,암흑철벽왕,3,궁극체,arm,신성·악마형,마왕형,dark,legendary,🛡️,false
chs,아기치타,0,성장기,chs,생물형,포유류형,grass,common,🐆,false
chs_w1,질풍치타,1,성숙기,chs,생물형,야수형,wind,common,🌪️,false
chs_w2,음속치타,2,완전체,chs,생물형,야수형,grass,rare,🐆,false
chs_w3,질풍주행신,3,궁극체,chs,신성·악마형,신인형,wind,legendary,🌀,false
chs_l1,황금치타,1,성숙기,chs,생물형,야수형,light,common,✨,false
chs_l2,태양치타,2,완전체,chs,생물형,야수형,grass,rare,🐆,false
chs_l3,태양질주신,3,궁극체,chs,신성·악마형,신인형,light,epic,🌞,false
hyn,새끼하이에나,0,성장기,hyn,생물형,포유류형,grass,common,🐺,false
hyn_d1,어둠하이에나,1,성숙기,hyn,신성·악마형,악마형,dark,common,🌑,false
hyn_d2,암흑하이에나,2,완전체,hyn,신성·악마형,악마형,dark,rare,🐺,false
hyn_d3,망령군주,3,궁극체,hyn,신성·악마형,마왕형,dark,legendary,👹,false
hyn_f1,화염하이에나,1,성숙기,hyn,생물형,야수형,fire,common,🔥,false
hyn_f2,용암하이에나,2,완전체,hyn,생물형,야수형,fire,rare,🐺,false
hyn_f3,화염무리왕,3,궁극체,hyn,신성·악마형,신인형,fire,epic,🌋,false
bvr,아기비버,0,성장기,bvr,생물형,포유류형,grass,common,🦫,false
bvr_w1,물비버,1,성숙기,bvr,생물형,수생형,water,common,🦫,false
bvr_w2,댐지기비버,2,완전체,bvr,생물형,수생형,grass,rare,🌊,false
bvr_w3,강의건축신,3,궁극체,bvr,신성·악마형,신인형,light,epic,🌊,false
bvr_t1,통나무비버,1,성숙기,bvr,생물형,식물형,water,common,🪵,false
bvr_t2,거목비버,2,완전체,bvr,생물형,식물형,water,rare,🌳,false
bvr_t3,숲의대목수신,3,궁극체,bvr,신성·악마형,성수형,grass,legendary,🌲,false
crn,아기두루미,0,성장기,crn,생물형,조류형,wind,common,🦢,false
crn_l1,빛두루미,1,성숙기,crn,생물형,조류형,wind,common,✨,false
crn_l2,선학,2,완전체,crn,신성·악마형,천사형,light,rare,🕊️,false
crn_l3,천년학신,3,궁극체,crn,신성·악마형,신인형,light,legendary,🌟,false
crn_w1,바람두루미,1,성숙기,crn,생물형,조류형,wind,common,🌪️,false
crn_w2,폭풍학,2,완전체,crn,생물형,조류형,wind,rare,🦢,false
crn_w3,질풍학신,3,궁극체,crn,신성·악마형,신인형,wind,epic,🌀,false
jly,아기해파리,0,성장기,jly,생물형,수생형,grass,common,🪼,false
jly_w1,물해파리,1,성숙기,jly,생물형,수생형,water,common,🪼,false
jly_w2,심해해파리,2,완전체,jly,생물형,수생형,water,rare,🌊,false
jly_w3,심해표류신,3,궁극체,jly,신성·악마형,신인형,water,epic,🌊,false
jly_l1,빛해파리,1,성숙기,jly,생물형,수생형,light,common,✨,false
jly_l2,발광해파리,2,완전체,jly,혼합·이형형,이형형,neutral,rare,🪼,false
jly_l3,빛의표류신,3,궁극체,jly,신성·악마형,신인형,light,legendary,🌟,false
puf,아기복어,0,성장기,puf,생물형,수생형,grass,common,🐡,false
puf_p1,독복어,1,성숙기,puf,생물형,수생형,dark,common,🐡,false
puf_p2,맹독복어,2,완전체,puf,신성·악마형,악마형,dark,rare,☠️,false
puf_p3,맹독바다왕,3,궁극체,puf,신성·악마형,마왕형,water,legendary,🐡,false
puf_w1,물복어,1,성숙기,puf,생물형,수생형,water,common,🌊,false
puf_w2,가시복어,2,완전체,puf,생물형,수생형,grass,rare,🐡,false
puf_w3,바다가시신,3,궁극체,puf,신성·악마형,신인형,water,epic,🌊,false
ffl,애반딧불,0,성장기,ffl,생물형,곤충형,fire,common,✨,false
ffl_l1,빛반딧불,1,성숙기,ffl,생물형,곤충형,fire,common,💡,false
ffl_l2,광휘반딧불,2,완전체,ffl,신성·악마형,천사형,fire,rare,✨,false
ffl_l3,빛무리정령신,3,궁극체,ffl,신성·악마형,신인형,light,legendary,🌟,false
ffl_g1,풀반딧불,1,성숙기,ffl,생물형,곤충형,fire,common,🌿,false
ffl_g2,숲반딧불,2,완전체,ffl,생물형,곤충형,fire,rare,🍃,false
ffl_g3,숲빛정령신,3,궁극체,ffl,신성·악마형,성수형,grass,epic,🌳,false
leo,아기표범,0,성장기,leo,생물형,포유류형,grass,common,🐆,false
leo_s1,그림자표범,1,성숙기,leo,신성·악마형,악마형,dark,common,🌑,false
leo_s2,암영표범,2,완전체,leo,신성·악마형,악마형,dark,rare,🐆,false
leo_s3,암살묘신,3,궁극체,leo,신성·악마형,마왕형,dark,legendary,👤,false
leo_g1,정글표범,1,성숙기,leo,생물형,야수형,grass,common,🌿,false
leo_g2,밀림표범,2,완전체,leo,생물형,야수형,grass,rare,🐆,false
leo_g3,정글수호신,3,궁극체,leo,신성·악마형,신인형,light,epic,🍃,false
jag,아기재규어,0,성장기,jag,생물형,포유류형,grass,common,🐆,false
jag_w1,물재규어,1,성숙기,jag,생물형,야수형,water,common,🌊,false
jag_w2,강의재규어,2,완전체,jag,생물형,야수형,grass,rare,🐆,false
jag_w3,수신표범왕,3,궁극체,jag,신성·악마형,신인형,light,epic,🌊,false
jag_f1,화염재규어,1,성숙기,jag,생물형,야수형,fire,common,🔥,false
jag_f2,용암재규어,2,완전체,jag,생물형,야수형,fire,rare,🐆,false
jag_f3,화염표범왕,3,궁극체,jag,신성·악마형,신인형,fire,legendary,🌋,false
lyn,아기스라소니,0,성장기,lyn,생물형,포유류형,grass,common,🐱,false
lyn_i1,서리스라소니,1,성숙기,lyn,생물형,야수형,water,common,❄️,false
lyn_i2,빙결스라소니,2,완전체,lyn,생물형,야수형,water,rare,🐱,false
lyn_i3,설원묘신,3,궁극체,lyn,신성·악마형,신인형,light,epic,🧊,false
lyn_w1,바람스라소니,1,성숙기,lyn,생물형,야수형,wind,common,🌪️,false
lyn_w2,질풍스라소니,2,완전체,lyn,생물형,야수형,wind,rare,🐱,false
lyn_w3,바람묘신,3,궁극체,lyn,신성·악마형,신인형,wind,legendary,🌀,false
wlf,새끼늑대,0,성장기,wlf,생물형,포유류형,grass,rare,🐺,false
wlf_l1,빛늑대,1,성숙기,wlf,생물형,야수형,light,rare,✨,false
wlf_l2,은빛늑대,2,완전체,wlf,생물형,야수형,light,epic,🐺,false
wlf_l3,월광랑신,3,궁극체,wlf,신성·악마형,신인형,light,legendary,🌝,false
wlf_d1,어둠늑대,1,성숙기,wlf,신성·악마형,악마형,dark,rare,🌑,false
wlf_d2,암흑랑,2,완전체,wlf,신성·악마형,악마형,dark,epic,🐺,false
wlf_d3,마랑왕,3,궁극체,wlf,신성·악마형,마왕형,dark,legendary,👹,false
wlv,아기울버린,0,성장기,wlv,생물형,포유류형,grass,common,🦡,false
wlv_m1,강철발톱,1,성숙기,wlv,생물형,야수형,earth,common,🦾,false
wlv_m2,아다만티움발톱,2,완전체,wlv,기계형,병기형,earth,rare,🦡,false
wlv_m3,불멸의강철수,3,궁극체,wlv,기계형,순수기계형,fire,legendary,🛡️,false
wlv_f1,화염발톱,1,성숙기,wlv,생물형,야수형,fire,common,🔥,false
wlv_f2,용암발톱,2,완전체,wlv,생물형,야수형,fire,rare,🦡,false
wlv_f3,화염광폭수,3,궁극체,wlv,신성·악마형,신인형,fire,epic,🌋,false
flc,아기매,0,성장기,flc,생물형,조류형,wind,common,🦅,false
flc_w1,질풍매,1,성숙기,flc,생물형,조류형,wind,common,🌪️,false
flc_w2,음속매,2,완전체,flc,생물형,조류형,wind,rare,🦅,false
flc_w3,질풍사냥신,3,궁극체,flc,신성·악마형,신인형,wind,legendary,🌀,false
flc_l1,빛매,1,성숙기,flc,생물형,조류형,wind,common,✨,false
flc_l2,햇살매,2,완전체,flc,신성·악마형,천사형,light,rare,🦅,false
flc_l3,태양사냥신,3,궁극체,flc,신성·악마형,신인형,light,epic,🌞,false
ham,햄스터,0,성장기,ham,생물형,포유류형,grass,common,🐹,false
ham_g1,볼주머니햄,1,성숙기,ham,생물형,포유류형,grass,common,🌰,false
ham_g2,도토리지기햄,2,완전체,ham,생물형,식물형,water,rare,🐹,false
ham_g3,풍요의햄신,3,궁극체,ham,신성·악마형,성수형,wind,epic,🌿,false
ham_l1,햇살햄,1,성숙기,ham,생물형,포유류형,light,common,☀️,false
ham_l2,미소햄,2,완전체,ham,신성·악마형,천사형,light,rare,🐹,false
ham_l3,행복햄신,3,궁극체,ham,신성·악마형,신인형,light,legendary,🌟,false
sqr,다람쥐,0,성장기,sqr,생물형,포유류형,grass,common,🐿️,false
sqr_t1,숲다람,1,성숙기,sqr,생물형,식물형,water,common,🌿,false
sqr_t2,나무타기다람,2,완전체,sqr,생물형,식물형,water,rare,🐿️,false
sqr_t3,숲의수호다람,3,궁극체,sqr,신성·악마형,성수형,grass,epic,🌳,false
sqr_f1,불꽃다람,1,성숙기,sqr,생물형,야수형,fire,common,🔥,false
sqr_f2,화염꼬리다람,2,완전체,sqr,생물형,야수형,fire,rare,🐿️,false
sqr_f3,화염질주다람신,3,궁극체,sqr,신성·악마형,신인형,fire,legendary,🌋,false
chl,친칠라,0,성장기,chl,생물형,포유류형,grass,common,🐭,false
chl_i1,얼음친칠라,1,성숙기,chl,생물형,포유류형,water,common,❄️,false
chl_i2,서리솜털,2,완전체,chl,생물형,야수형,water,rare,🐭,false
chl_i3,설원솜털신,3,궁극체,chl,신성·악마형,신인형,light,epic,🧊,false
chl_l1,빛솜친칠라,1,성숙기,chl,생물형,포유류형,light,common,✨,false
chl_l2,구름솜털,2,완전체,chl,신성·악마형,천사형,wind,rare,☁️,false
chl_l3,포근솜털신,3,궁극체,chl,신성·악마형,신인형,light,legendary,🌟,false
fen,페넥여우,0,성장기,fen,생물형,포유류형,grass,rare,🦊,false
fen_s1,사막페넥,1,성숙기,fen,생물형,포유류형,earth,rare,🏜️,false
fen_s2,모래귀페넥,2,완전체,fen,생물형,야수형,grass,epic,🦊,false
fen_s3,사막여우신,3,궁극체,fen,신성·악마형,신인형,water,legendary,🏜️,false
fen_l1,별빛페넥,1,성숙기,fen,생물형,포유류형,light,rare,⭐,false
fen_l2,밤하늘페넥,2,완전체,fen,신성·악마형,천체형,dark,epic,🦊,false
fen_l3,별빛여우신,3,궁극체,fen,신성·악마형,신인형,water,legendary,🌟,false
trx,아기티라노,0,성장기,trx,생물형,공룡형,grass,rare,🦖,false
trx_f1,화염티라노,1,성숙기,trx,생물형,공룡형,fire,rare,🔥,false
trx_f2,폭군티라노,2,완전체,trx,생물형,공룡형,grass,epic,🦖,false
trx_f3,화염폭군왕,3,궁극체,trx,신성·악마형,마왕형,fire,legendary,🌋,false
trx_d1,어둠티라노,1,성숙기,trx,신성·악마형,공룡형,dark,rare,🌑,false
trx_d2,암흑폭군,2,완전체,trx,신성·악마형,공룡형,dark,epic,🦖,false
trx_d3,공룡마왕,3,궁극체,trx,신성·악마형,마왕형,dark,legendary,👹,false
tri,아기트리케라,0,성장기,tri,생물형,공룡형,grass,common,🦕,false
tri_e1,바위트리케라,1,성숙기,tri,생물형,공룡형,earth,common,🪨,false
tri_e2,바위돌격공룡,2,완전체,tri,생물형,거인형,earth,rare,🦕,false
tri_e3,대지돌격왕,3,궁극체,tri,신성·악마형,신인형,earth,epic,🌍,false
tri_g1,숲트리케라,1,성숙기,tri,생물형,공룡형,grass,common,🌿,false
tri_g2,초식거룡,2,완전체,tri,생물형,거인형,earth,rare,🦕,false
tri_g3,대지수호룡,3,궁극체,tri,신성·악마형,성수형,earth,legendary,🌳,false
pte,아기프테라,0,성장기,pte,생물형,공룡형,grass,common,🦅,false
pte_w1,폭풍프테라,1,성숙기,pte,생물형,공룡형,wind,common,🌪️,false
pte_w2,질풍익룡,2,완전체,pte,생물형,공룡형,wind,rare,🦅,false
pte_w3,천공익룡신,3,궁극체,pte,신성·악마형,신인형,light,legendary,🌀,false
pte_l1,햇살프테라,1,성숙기,pte,생물형,공룡형,light,common,☀️,false
pte_l2,여명익룡,2,완전체,pte,신성·악마형,천사형,light,rare,🦅,false
pte_l3,태양익룡신,3,궁극체,pte,신성·악마형,신인형,light,epic,🌞,false
rap,아기랍토르,0,성장기,rap,생물형,공룡형,grass,common,🦖,false
rap_p1,독랍토르,1,성숙기,rap,생물형,공룡형,dark,common,☠️,false
rap_p2,맹독랍토르,2,완전체,rap,신성·악마형,악마형,dark,rare,🦖,false
rap_p3,맹독사냥왕,3,궁극체,rap,신성·악마형,마왕형,dark,epic,☠️,false
rap_w1,질풍랍토르,1,성숙기,rap,생물형,공룡형,wind,common,🌪️,false
rap_w2,무리사냥꾼,2,완전체,rap,생물형,공룡형,grass,rare,🦖,false
rap_w3,질풍사냥왕,3,궁극체,rap,신성·악마형,신인형,wind,legendary,🌀,false
stg,아기스테고,0,성장기,stg,생물형,공룡형,grass,common,🦕,false
stg_e1,바위스테고,1,성숙기,stg,생물형,공룡형,earth,common,🪨,false
stg_e2,암석등판룡,2,완전체,stg,생물형,거인형,earth,rare,🦕,false
stg_e3,대지방패룡신,3,궁극체,stg,신성·악마형,신인형,earth,epic,🌍,false
stg_f1,용암스테고,1,성숙기,stg,생물형,공룡형,fire,common,🔥,false
stg_f2,화산등판룡,2,완전체,stg,생물형,공룡형,grass,rare,🦕,false
stg_f3,화산방패룡신,3,궁극체,stg,신성·악마형,신인형,light,legendary,🌋,false
sbr,새끼검치호,0,성장기,sbr,생물형,포유류형,grass,rare,🐯,false
sbr_i1,빙하검치호,1,성숙기,sbr,생물형,야수형,water,rare,❄️,false
sbr_i2,설원검치호,2,완전체,sbr,생물형,야수형,grass,epic,🐯,false
sbr_i3,빙하맹수왕,3,궁극체,sbr,신성·악마형,신인형,water,legendary,🧊,false
sbr_d1,어둠검치호,1,성숙기,sbr,신성·악마형,악마형,dark,rare,🌑,false
sbr_d2,암흑검치,2,완전체,sbr,신성·악마형,악마형,dark,epic,🐯,false
sbr_d3,망각의맹수왕,3,궁극체,sbr,신성·악마형,마왕형,dark,legendary,👹,false
mam,아기맘모스,0,성장기,mam,생물형,포유류형,grass,rare,🐘,false
mam_i1,빙하맘모스,1,성숙기,mam,생물형,포유류형,water,rare,❄️,false
mam_i2,설산맘모스,2,완전체,mam,생물형,거인형,earth,epic,🐘,false
mam_i3,빙하거상신,3,궁극체,mam,신성·악마형,신인형,water,legendary,🧊,false
mam_e1,바위맘모스,1,성숙기,mam,생물형,포유류형,earth,rare,🪨,false
mam_e2,대지거상맘모스,2,완전체,mam,생물형,거인형,earth,epic,🐘,false
mam_e3,태고대지신,3,궁극체,mam,신성·악마형,신인형,earth,legendary,🌍,false
meg,아기메갈,0,성장기,meg,생물형,수생형,grass,rare,🦈,false
meg_w1,심해메갈,1,성숙기,meg,생물형,수생형,water,rare,🌊,false
meg_w2,대양메갈로돈,2,완전체,meg,생물형,수생형,grass,epic,🦈,false
meg_w3,심해패왕상어,3,궁극체,meg,신성·악마형,신인형,water,legendary,🌊,false
meg_d1,어둠메갈,1,성숙기,meg,신성·악마형,악마형,dark,rare,🌑,false
meg_d2,심연포식자,2,완전체,meg,신성·악마형,악마형,dark,epic,🦈,false
meg_d3,심연군주상어,3,궁극체,meg,신성·악마형,마왕형,water,legendary,👹,false
bra,아기브라키오,0,성장기,bra,생물형,공룡형,grass,common,🦕,false
bra_g1,숲브라키오,1,성숙기,bra,생물형,공룡형,grass,common,🌿,false
bra_g2,거목거룡,2,완전체,bra,생물형,거인형,earth,rare,🦕,false
bra_g3,태초의수목룡,3,궁극체,bra,신성·악마형,성수형,light,legendary,🌳,false
bra_w1,호수브라키오,1,성숙기,bra,생물형,공룡형,water,common,🌊,false
bra_w2,대호거룡,2,완전체,bra,생물형,거인형,earth,rare,🦕,false
bra_w3,대호수룡신,3,궁극체,bra,신성·악마형,신인형,water,epic,🌊,false
mos,아기모사,0,성장기,mos,생물형,공룡형,grass,rare,🐊,false
mos_w1,심해모사,1,성숙기,mos,생물형,수생형,water,rare,🌊,false
mos_w2,대양모사사우르,2,완전체,mos,생물형,수생형,grass,epic,🐊,false
mos_w3,바다의지배룡,3,궁극체,mos,신성·악마형,신인형,water,legendary,🌊,false
mos_d1,암흑모사,1,성숙기,mos,신성·악마형,악마형,dark,rare,🌑,false
mos_d2,심연모사,2,완전체,mos,신성·악마형,악마형,dark,epic,🐊,false
mos_d3,심연바다마룡,3,궁극체,mos,신성·악마형,마왕형,water,legendary,👹,false
spn,아기스피노,0,성장기,spn,생물형,공룡형,grass,rare,🦖,false
spn_w1,강스피노,1,성숙기,spn,생물형,공룡형,grass,rare,🌊,false
spn_w2,늪지스피노,2,완전체,spn,생물형,수생형,water,epic,🦖,false
spn_w3,강의제왕룡,3,궁극체,spn,신성·악마형,신인형,light,legendary,🌊,false
spn_f1,화염스피노,1,성숙기,spn,생물형,공룡형,fire,rare,🔥,false
spn_f2,용암스피노,2,완전체,spn,생물형,공룡형,fire,epic,🦖,false
spn_f3,화염제왕룡,3,궁극체,spn,신성·악마형,마왕형,fire,legendary,🌋,false
orc,아기범고래,0,성장기,orc,생물형,수생형,water,rare,🐋,false
orc_w1,대양범고래,1,성숙기,orc,생물형,수생형,water,rare,🌊,false
orc_w2,바다사냥꾼,2,완전체,orc,생물형,수생형,water,epic,🐋,false
orc_w3,대양제왕신,3,궁극체,orc,신성·악마형,신인형,light,legendary,🌊,false
orc_d1,어둠범고래,1,성숙기,orc,신성·악마형,악마형,water,rare,🌑,false
orc_d2,심연범고래,2,완전체,orc,신성·악마형,악마형,water,epic,🐋,false
orc_d3,심연해마왕,3,궁극체,orc,신성·악마형,마왕형,water,legendary,👹,false
wsh,아기고래상어,0,성장기,wsh,생물형,수생형,water,common,🦈,false
wsh_w1,심해고래상어,1,성숙기,wsh,생물형,수생형,water,common,🌊,false
wsh_w2,대양고래상어,2,완전체,wsh,생물형,수생형,water,rare,🦈,false
wsh_w3,심해온화신,3,궁극체,wsh,신성·악마형,신인형,water,epic,🌊,false
wsh_l1,별빛고래상어,1,성숙기,wsh,생물형,수생형,water,common,⭐,false
wsh_l2,성좌고래상어,2,완전체,wsh,신성·악마형,천체형,water,rare,🦈,false
wsh_l3,심해성좌신,3,궁극체,wsh,신성·악마형,신인형,water,legendary,🌟,false
mola,아기개복치,0,성장기,mola,생물형,수생형,grass,common,🐟,false
mola_l1,햇살개복치,1,성숙기,mola,생물형,수생형,light,common,☀️,false
mola_l2,일광개복치,2,완전체,mola,생물형,수생형,grass,rare,🐟,false
mola_l3,햇살부유신,3,궁극체,mola,신성·악마형,신인형,light,epic,🌞,false
mola_w1,심해개복치,1,성숙기,mola,생물형,수생형,water,common,🌊,false
mola_w2,대양개복치,2,완전체,mola,생물형,수생형,grass,rare,🐟,false
mola_w3,심해부유신,3,궁극체,mola,신성·악마형,신인형,water,legendary,🌊,false
dfl,아기잠자리,0,성장기,dfl,생물형,곤충형,wind,common,🦗,false
dfl_w1,질풍잠자리,1,성숙기,dfl,생물형,곤충형,wind,common,🌪️,false
dfl_w2,번개잠자리,2,완전체,dfl,생물형,곤충형,wind,rare,⚡,false
dfl_w3,질풍비행신,3,궁극체,dfl,신성·악마형,신인형,wind,legendary,🌀,false
dfl_l1,빛잠자리,1,성숙기,dfl,생물형,곤충형,wind,common,✨,false
dfl_l2,수정잠자리,2,완전체,dfl,혼합·이형형,이형형,earth,rare,💠,false
dfl_l3,빛날개정령신,3,궁극체,dfl,신성·악마형,신인형,wind,epic,🌟,false
lad,아기무당벌레,0,성장기,lad,생물형,곤충형,wind,common,🐞,false
lad_g1,풀무당벌레,1,성숙기,lad,생물형,곤충형,grass,common,🌿,false
lad_g2,꽃밭무당,2,완전체,lad,생물형,곤충형,grass,rare,🌸,false
lad_g3,행운의무당신,3,궁극체,lad,신성·악마형,천사형,light,epic,🍀,false
lad_f1,불무당벌레,1,성숙기,lad,생물형,곤충형,fire,common,🔥,false
lad_f2,화염무당,2,완전체,lad,생물형,곤충형,fire,rare,🐞,false
lad_f3,불꽃무당신,3,궁극체,lad,신성·악마형,신인형,fire,legendary,🌋,false
wpk,아기딱따구리,0,성장기,wpk,생물형,조류형,wind,common,🐦,false
wpk_m1,강철부리,1,성숙기,wpk,생물형,조류형,wind,common,🔨,false
wpk_m2,드릴부리,2,완전체,wpk,기계형,병기형,earth,rare,🐦,false
wpk_m3,강철천공왕,3,궁극체,wpk,기계형,순수기계형,earth,epic,🛡️,false
wpk_f1,화염부리,1,성숙기,wpk,생물형,조류형,fire,common,🔥,false
wpk_f2,용암부리,2,완전체,wpk,생물형,조류형,fire,rare,🐦,false
wpk_f3,화염천공신,3,궁극체,wpk,신성·악마형,신인형,fire,legendary,🌋,false
prt,아기앵무새,0,성장기,prt,생물형,조류형,wind,common,🦜,false
prt_r1,무지개앵무,1,성숙기,prt,혼합·이형형,이형형,neutral,common,🌈,false
prt_r2,오색앵무,2,완전체,prt,혼합·이형형,이형형,neutral,rare,🦜,false
prt_r3,오색언령신,3,궁극체,prt,신성·악마형,신인형,light,legendary,🌈,false
prt_l1,빛앵무,1,성숙기,prt,생물형,조류형,wind,common,✨,false
prt_l2,황금앵무,2,완전체,prt,신성·악마형,천사형,light,rare,🦜,false
prt_l3,황금언령신,3,궁극체,prt,신성·악마형,신인형,light,epic,🌟,false
wom,웜뱃,0,성장기,wom,생물형,포유류형,grass,common,🐹,false
wom_e1,바위웜뱃,1,성숙기,wom,생물형,포유류형,earth,common,🪨,false
wom_e2,대지웜뱃,2,완전체,wom,생물형,거인형,earth,rare,🐹,false
wom_e3,대지굴착신,3,궁극체,wom,신성·악마형,신인형,earth,epic,🌍,false
wom_g1,숲웜뱃,1,성숙기,wom,생물형,식물형,water,common,🌿,false
wom_g2,이끼웜뱃,2,완전체,wom,생물형,식물형,water,rare,🐹,false
wom_g3,숲지기웜뱃신,3,궁극체,wom,신성·악마형,성수형,grass,legendary,🌳,false
grf,새끼그리핀,0,성장기,grf,혼합·이형형,환수형,neutral,rare,🦅,false
grf_l1,빛그리핀,1,성숙기,grf,혼합·이형형,환수형,light,rare,✨,false
grf_l2,황금그리핀,2,완전체,grf,혼합·이형형,환수형,light,epic,🦅,false
grf_l3,창공천사수왕,3,궁극체,grf,신성·악마형,천사형,light,legendary,🌟,false
grf_w1,질풍그리핀,1,성숙기,grf,혼합·이형형,환수형,wind,rare,🌪️,false
grf_w2,폭풍그리핀,2,완전체,grf,혼합·이형형,환수형,wind,epic,🦅,false
grf_w3,폭풍천공수왕,3,궁극체,grf,신성·악마형,환수형,wind,legendary,🌀,false
phx,아기영조,0,성장기,phx,혼합·이형형,환수형,neutral,rare,🐦,false
phx_f1,화염불사조,1,성숙기,phx,혼합·이형형,환수형,fire,rare,🔥,false
phx_f2,용암불사조,2,완전체,phx,혼합·이형형,환수형,fire,epic,🦅,false
phx_f3,염제불멸조,3,궁극체,phx,신성·악마형,환수형,fire,legendary,🌋,false
phx_l1,빛영조,1,성숙기,phx,혼합·이형형,환수형,light,rare,✨,false
phx_l2,황금영조,2,완전체,phx,혼합·이형형,환수형,light,epic,🦅,false
phx_l3,성좌재생신조,3,궁극체,phx,신성·악마형,천사형,light,legendary,🌟,false
cer,새끼켈베로스,0,성장기,cer,혼합·이형형,마수형,neutral,rare,🐕,false
cer_f1,화염켈베로스,1,성숙기,cer,혼합·이형형,마수형,fire,rare,🔥,false
cer_f2,용암켈베로스,2,완전체,cer,혼합·이형형,마수형,fire,epic,🐕,false
cer_f3,지옥불수문장,3,궁극체,cer,신성·악마형,마왕형,fire,legendary,🌋,false
cer_d1,어둠켈베로스,1,성숙기,cer,신성·악마형,마수형,dark,rare,🌑,false
cer_d2,암흑켈베로스,2,완전체,cer,신성·악마형,마수형,dark,epic,🐕,false
cer_d3,명계수문마왕,3,궁극체,cer,신성·악마형,마왕형,dark,legendary,👹,false
peg,새끼페가수스,0,성장기,peg,혼합·이형형,환수형,neutral,rare,🐴,false
peg_w1,질풍페가수스,1,성숙기,peg,혼합·이형형,환수형,wind,rare,🌪️,false
peg_w2,폭풍페가수스,2,완전체,peg,혼합·이형형,환수형,wind,epic,🐴,false
peg_w3,폭풍천마신,3,궁극체,peg,신성·악마형,환수형,wind,legendary,🌀,false
peg_l1,빛페가수스,1,성숙기,peg,혼합·이형형,환수형,light,rare,✨,false
peg_l2,별빛페가수스,2,완전체,peg,혼합·이형형,환수형,light,epic,🐴,false
peg_l3,성좌천마신,3,궁극체,peg,신성·악마형,천사형,light,legendary,🌟,false
krk,새끼크라켄,0,성장기,krk,혼합·이형형,수생형,neutral,rare,🐙,false
krk_w1,심해크라켄,1,성숙기,krk,혼합·이형형,수생형,water,rare,🌊,false
krk_w2,바다크라켄,2,완전체,krk,혼합·이형형,수생형,water,epic,🐙,false
krk_w3,해신패왕크라켄,3,궁극체,krk,신성·악마형,수생형,water,legendary,🌊,false
krk_d1,어둠크라켄,1,성숙기,krk,신성·악마형,마수형,dark,rare,🌑,false
krk_d2,암흑크라켄,2,완전체,krk,신성·악마형,마수형,dark,epic,🐙,false
krk_d3,심연군주크라켄,3,궁극체,krk,신성·악마형,마왕형,dark,legendary,👹,false
bas,새끼바실리스크,0,성장기,bas,혼합·이형형,마수형,neutral,rare,🐍,false
bas_p1,독바실리스크,1,성숙기,bas,신성·악마형,마수형,dark,rare,☠️,false
bas_p2,맹독바실리스크,2,완전체,bas,신성·악마형,마수형,dark,epic,🐍,false
bas_p3,석화맹독사왕,3,궁극체,bas,신성·악마형,마왕형,dark,legendary,☠️,false
bas_g1,풀바실리스크,1,성숙기,bas,혼합·이형형,마수형,grass,rare,🌿,false
bas_g2,숲바실리스크,2,완전체,bas,혼합·이형형,마수형,grass,epic,🐍,false
bas_g3,숲석화사왕,3,궁극체,bas,신성·악마형,환수형,grass,legendary,🌳,false
min,새끼미노타우로스,0,성장기,min,혼합·이형형,환수형,neutral,rare,🐂,false
min_e1,바위미노타우로스,1,성숙기,min,혼합·이형형,환수형,earth,rare,🪨,false
min_e2,대지미노타우로스,2,완전체,min,혼합·이형형,거인형,earth,epic,🐂,false
min_e3,대지투신,3,궁극체,min,신성·악마형,거인형,earth,legendary,🌍,false
min_f1,화염미노타우로스,1,성숙기,min,혼합·이형형,환수형,fire,rare,🔥,false
min_f2,용암미노타우로스,2,완전체,min,혼합·이형형,환수형,fire,epic,🐂,false
min_f3,분노화염투신,3,궁극체,min,신성·악마형,환수형,fire,legendary,🌋,false
cnt,새끼켄타우로스,0,성장기,cnt,혼합·이형형,환수형,neutral,rare,🏹,false
cnt_w1,질풍켄타우로스,1,성숙기,cnt,혼합·이형형,환수형,wind,rare,🌪️,false
cnt_w2,폭풍켄타우로스,2,완전체,cnt,혼합·이형형,환수형,wind,epic,🏹,false
cnt_w3,질풍궁신,3,궁극체,cnt,신성·악마형,환수형,wind,legendary,🌀,false
cnt_g1,숲켄타우로스,1,성숙기,cnt,혼합·이형형,환수형,grass,rare,🌿,false
cnt_g2,초원켄타우로스,2,완전체,cnt,혼합·이형형,환수형,grass,epic,🏹,false
cnt_g3,숲의궁신,3,궁극체,cnt,신성·악마형,성수형,grass,legendary,🌳,false
hpy,새끼하피,0,성장기,hpy,혼합·이형형,환수형,neutral,rare,🦅,false
hpy_w1,질풍하피,1,성숙기,hpy,혼합·이형형,환수형,wind,rare,🌪️,false
hpy_w2,폭풍하피,2,완전체,hpy,혼합·이형형,환수형,wind,epic,🦅,false
hpy_w3,폭풍하늘여왕,3,궁극체,hpy,신성·악마형,환수형,wind,legendary,🌀,false
hpy_d1,어둠하피,1,성숙기,hpy,신성·악마형,마수형,dark,rare,🌑,false
hpy_d2,암흑하피,2,완전체,hpy,신성·악마형,마수형,dark,epic,🦅,false
hpy_d3,심연밤의여왕,3,궁극체,hpy,신성·악마형,마왕형,dark,legendary,👹,false
mer,새끼인어,0,성장기,mer,혼합·이형형,수생형,neutral,rare,🧜,false
mer_w1,물의인어,1,성숙기,mer,혼합·이형형,수생형,water,rare,🌊,false
mer_w2,심해인어,2,완전체,mer,혼합·이형형,수생형,water,epic,🧜,false
mer_w3,해신인어여신,3,궁극체,mer,신성·악마형,수생형,water,legendary,🌊,false
mer_l1,빛의인어,1,성숙기,mer,혼합·이형형,수생형,light,rare,✨,false
mer_l2,별빛인어,2,완전체,mer,혼합·이형형,수생형,light,epic,🧜,false
mer_l3,성좌인어여신,3,궁극체,mer,신성·악마형,천사형,light,legendary,🌟,false
gol,아기골렘,0,성장기,gol,혼합·이형형,환수형,earth,rare,🗿,false
gol_e1,바위골렘,1,성숙기,gol,혼합·이형형,거인형,earth,rare,🪨,false
gol_e2,대지골렘,2,완전체,gol,혼합·이형형,거인형,earth,epic,🗿,false
gol_e3,대지거인왕,3,궁극체,gol,신성·악마형,거인형,earth,legendary,🌍,false
gol_f1,용암골렘,1,성숙기,gol,혼합·이형형,거인형,fire,rare,🔥,false
gol_f2,마그마골렘,2,완전체,gol,혼합·이형형,거인형,fire,epic,🗿,false
gol_f3,화염거신왕,3,궁극체,gol,신성·악마형,환수형,fire,legendary,🌋,false
wyv,새끼와이번,0,성장기,wyv,혼합·이형형,용형,neutral,rare,🐉,false
wyv_f1,화염와이번,1,성숙기,wyv,혼합·이형형,용형,fire,rare,🔥,false
wyv_f2,용암와이번,2,완전체,wyv,혼합·이형형,용형,fire,epic,🐉,false
wyv_f3,화염비룡왕,3,궁극체,wyv,신성·악마형,용형,fire,legendary,🌋,false
wyv_w1,질풍와이번,1,성숙기,wyv,혼합·이형형,용형,wind,rare,🌪️,false
wyv_w2,폭풍와이번,2,완전체,wyv,혼합·이형형,용형,wind,epic,🐉,false
wyv_w3,폭풍비룡왕,3,궁극체,wyv,신성·악마형,용형,wind,legendary,🌀,false
hyd,새끼히드라,0,성장기,hyd,혼합·이형형,용형,neutral,rare,🐉,false
hyd_w1,물의히드라,1,성숙기,hyd,혼합·이형형,용형,water,rare,🌊,false
hyd_w2,심해히드라,2,완전체,hyd,혼합·이형형,용형,water,epic,🐉,false
hyd_w3,해신다두룡,3,궁극체,hyd,신성·악마형,용형,water,legendary,🌊,false
hyd_p1,독히드라,1,성숙기,hyd,신성·악마형,용형,dark,rare,☠️,false
hyd_p2,맹독히드라,2,완전체,hyd,신성·악마형,용형,dark,epic,🐉,false
hyd_p3,심연독룡왕,3,궁극체,hyd,신성·악마형,마왕형,dark,legendary,👹,false
fai,새끼요정,0,성장기,fai,혼합·이형형,요정형,neutral,rare,🧚,false
fai_g1,숲요정,1,성숙기,fai,혼합·이형형,요정형,grass,rare,🌿,false
fai_g2,꽃요정,2,완전체,fai,혼합·이형형,요정형,grass,epic,🌸,false
fai_g3,숲의정령여왕,3,궁극체,fai,신성·악마형,성수형,grass,legendary,🌳,false
fai_l1,빛요정,1,성숙기,fai,혼합·이형형,요정형,light,rare,✨,false
fai_l2,별빛요정,2,완전체,fai,혼합·이형형,요정형,light,epic,⭐,false
fai_l3,성좌정령여왕,3,궁극체,fai,신성·악마형,천사형,light,legendary,🌟,false
gmh,새끼구미호,0,성장기,gmh,혼합·이형형,환수형,neutral,rare,🦊,false
gmh_f1,불꽃구미호,1,성숙기,gmh,혼합·이형형,환수형,fire,rare,🔥,false
gmh_f2,화염구미호,2,완전체,gmh,혼합·이형형,환수형,fire,epic,🦊,false
gmh_f3,염제호선녀,3,궁극체,gmh,신성·악마형,환수형,fire,legendary,🌋,false
gmh_d1,어둠구미호,1,성숙기,gmh,신성·악마형,마수형,dark,rare,🌑,false
gmh_d2,암흑구미호,2,완전체,gmh,신성·악마형,마수형,dark,epic,🦊,false
gmh_d3,심연요호마녀,3,궁극체,gmh,신성·악마형,마왕형,dark,legendary,👹,false
hat,새끼해태,0,성장기,hat,혼합·이형형,환수형,neutral,rare,🦁,false
hat_f1,화염해태,1,성숙기,hat,혼합·이형형,환수형,fire,rare,🔥,false
hat_f2,용암해태,2,완전체,hat,혼합·이형형,환수형,fire,epic,🦁,false
hat_f3,벽사화염신수,3,궁극체,hat,신성·악마형,성수형,fire,legendary,🌋,false
hat_l1,빛해태,1,성숙기,hat,혼합·이형형,환수형,light,rare,✨,false
hat_l2,황금해태,2,완전체,hat,혼합·이형형,환수형,light,epic,🦁,false
hat_l3,황금수호신수,3,궁극체,hat,신성·악마형,성수형,light,legendary,🌟,false
hid_azure,청룡,3,궁극체,div_four,신성·악마형,신수형,grass,legendary,🐲,true
hid_white,백호,3,궁극체,div_four,신성·악마형,신수형,light,legendary,🐯,true
hid_vermilion,주작,3,궁극체,div_four,신성·악마형,신수형,fire,legendary,🦅,true
hid_black,현무,3,궁극체,div_four,신성·악마형,신수형,water,legendary,🐢,true
hid_huanglong,황룡,4,초월체,div_lord,신성·악마형,황제룡형,earth,legendary,🐉,true
hid_hundun,혼돈(渾沌),3,궁극체,div_fiend,혼합·이형형,흉수형,dark,legendary,🌀,true
hid_taotie,도철(饕餮),3,궁극체,div_fiend,혼합·이형형,흉수형,dark,legendary,👹,true
hid_qiongqi,궁기(窮奇),3,궁극체,div_fiend,혼합·이형형,흉수형,dark,legendary,🦁,true
hid_taowu,도올(檮杌),3,궁극체,div_fiend,혼합·이형형,흉수형,dark,legendary,🐗,true
hid_michael,미카엘,3,궁극체,div_angel,신성·악마형,대천사형,light,legendary,⚔️,true
hid_gabriel,가브리엘,3,궁극체,div_angel,신성·악마형,대천사형,light,legendary,🎺,true
hid_raphael,라파엘,3,궁극체,div_angel,신성·악마형,대천사형,light,legendary,💚,true
hid_uriel,우리엘,3,궁극체,div_angel,신성·악마형,대천사형,light,legendary,🔥,true
hid_pride,루시퍼 (교만),3,궁극체,div_sin,신성·악마형,마왕형,dark,legendary,👑,true
hid_greed,마몬 (탐욕),3,궁극체,div_sin,신성·악마형,마왕형,dark,legendary,💰,true
hid_lust,아스모데우스 (색욕),3,궁극체,div_sin,신성·악마형,마왕형,dark,legendary,💋,true
hid_envy,레비아탄 (질투),3,궁극체,div_sin,신성·악마형,마왕형,dark,legendary,🐍,true
hid_sloth,벨페고르 (나태),3,궁극체,div_sin,신성·악마형,마왕형,dark,legendary,😴,true
hid_wrath,사탄 (분노),3,궁극체,div_sin,신성·악마형,마왕형,dark,legendary,😡,true
hid_gluttony,베엘제붑 (식탐),3,궁극체,div_sin,신성·악마형,마왕형,dark,legendary,🪰,true
hid_rat,자(쥐)신,3,궁극체,div_zodiac,신성·악마형,신수형,dark,legendary,🐀,true
hid_ox,축(소)신,3,궁극체,div_zodiac,신성·악마형,신수형,dark,legendary,🐂,true
hid_tiger,인(호랑이)신,3,궁극체,div_zodiac,신성·악마형,신수형,dark,legendary,🐅,true
hid_rabbit,묘(토끼)신,3,궁극체,div_zodiac,신성·악마형,신수형,dark,legendary,🐇,true
hid_dragon,진(용)신,3,궁극체,div_zodiac,신성·악마형,신수형,dark,legendary,🐉,true
hid_snake,사(뱀)신,3,궁극체,div_zodiac,신성·악마형,신수형,dark,legendary,🐍,true
hid_horse,오(말)신,3,궁극체,div_zodiac,신성·악마형,신수형,dark,legendary,🐎,true
hid_goat,미(양)신,3,궁극체,div_zodiac,신성·악마형,신수형,dark,legendary,🐐,true
hid_monkey,신(원숭이)신,3,궁극체,div_zodiac,신성·악마형,신수형,dark,legendary,🐒,true
hid_rooster,유(닭)신,3,궁극체,div_zodiac,신성·악마형,신수형,dark,legendary,🐓,true
hid_dog,술(개)신,3,궁극체,div_zodiac,신성·악마형,신수형,dark,legendary,🐕,true
hid_pig,해(돼지)신,3,궁극체,div_zodiac,신성·악마형,신수형,dark,legendary,🐖,true
fuse_light,성광합체체,3,궁극체,fuse,신성·악마형,신인형,light,legendary,🌟,false
fuse_dark,암흑합체체,3,궁극체,fuse,신성·악마형,마왕형,dark,legendary,🌑,false
fuse_steel,강철합체체,3,궁극체,fuse,기계형,순수기계형,earth,legendary,🛡️,false
fuse_chaos,혼돈합체체,3,궁극체,fuse,혼합·이형형,키메라형,dark,legendary,🌀,false